"1.409.1","1"
"1.409.3","1"
"1.410","1"
"1.413","1"
"1.424","1"
"1.424.6","1"
"1.428","1"
"1.429","1"
"1.430","1"
"1.433","1"
"1.436","1"
"1.437","2"
"1.438","2"
"1.439","3"
"1.440","1"
"1.442","1"
"1.443","1"
"1.446","1"
"1.447.1","1"
"1.447.2","2"
"1.450","7"
"1.454","4"
"1.455","1"
"1.456","1"
"1.457","1"
"1.460","3"
"1.461","2"
"1.464","1"
"1.465","2"
"1.466","2"
"1.466.2","4"
"1.471","1"
"1.472","3"
"1.474","3"
"1.475","6"
"1.476","1"
"1.477","1"
"1.478","1"
"1.480.3","5"
"1.481","1"
"1.482","1"
"1.484","2"
"1.485","1"
"1.488","2"
"1.490","1"
"1.491","1"
"1.494","3"
"1.496","3"
"1.498","2"
"1.499","3"
"1.500","4"
"1.501","1"
"1.502","1"
"1.503","1"
"1.504","2"
"1.505","4"
"1.508","1"
"1.509","3"
"1.509.2","1"
"1.509.3","1"
"1.509.4","1"
"1.510","8"
"1.511","2"
"1.512","14"
"1.513","1"
"1.514","4"
"1.515","2"
"1.516","2"
"1.517","4"
"1.518","1"
"1.521","4"
"1.523","3"
"1.524","1"
"1.526","2"
"1.527","2"
"1.528","1"
"1.529","2"
"1.530","2"
"1.531","5"
"1.532.1","7"
"1.532.2","8"
"1.532.3","3"
"1.533","1"
"1.534","3"
"1.535","2"
"1.536","2"
"1.538","5"
"1.539","9"
"1.541","2"
"1.542","5"
"1.543","2"
"1.544","4"
"1.546","3"
"1.547","3"
"1.548","4"
"1.549","8"
"1.550","2"
"1.551","5"
"1.552","2"
"1.553","6"
"1.554","3"
"1.554.1","3"
"1.554.2","3"
"1.554.3","6"
"1.555","8"
"1.556","4"
"1.557","1"
"1.558","5"
"1.559","5"
"1.560","6"
"1.561","1"
"1.562","3"
"1.563","2"
"1.564","3"
"1.565","14"
"1.565.1","6"
"1.565.2","4"
"1.565.3","7"
"1.566","5"
"1.567","5"
"1.568","16"
"1.569","7"
"1.570","4"
"1.571","5"
"1.572","7"
"1.573","8"
"1.574","24"
"1.575","5"
"1.577","3"
"1.578","6"
"1.579","8"
"1.580","5"
"1.580.1","8"
"1.580.2","5"
"1.580.3","16"
"1.581","8"
"1.582","3"
"1.583","12"
"1.584","7"
"1.585","4"
"1.586","5"
"1.587","3"
"1.588","15"
"1.589","4"
"1.590","14"
"1.591","6"
"1.592","5"
"1.593","7"
"1.594","7"
"1.595","16"
"1.596","14"
"1.596.1","5"
"1.596.2","12"
"1.596.3","11"
"1.597","7"
"1.598","24"
"1.599","15"
"1.600","6"
"1.601","5"
"1.602","11"
"1.604","1"
"1.605","8"
"1.606","16"
"1.607","14"
"1.608","9"
"1.609","18"
"1.609.1","10"
"1.609.2","15"
"1.609.3","44"
"1.610","14"
"1.611","27"
"1.612","9"
"1.613","12"
"1.614","10"
"1.615","10"
"1.616","10"
"1.617","44"
"1.618","7"
"1.619","6"
"1.620","17"
"1.621","4"
"1.622","6"
"1.623","10"
"1.624","12"
"1.625","3"
"1.625.1","11"
"1.625.2","11"
"1.625.3","32"
"1.626","9"
"1.627","9"
"1.628","13"
"1.629","12"
"1.630","15"
"1.631","11"
"1.632","16"
"1.633","6"
"1.634","14"
"1.635","11"
"1.636","11"
"1.637","7"
"1.638","27"
"1.639","11"
"1.640","15"
"1.641","5"
"1.642","9"
"1.642.1","25"
"1.642.4","49"
"1.643","28"
"1.644","21"
"1.651.1","40"
"1.651.2","58"
"1.651.3","132"
"1.653","23"
"1.654","9"
"1.655","13"
"1.656","34"
"1.657","1"
"1.658","48"
"2.0-rc-1","2"
"2.0","16"
"2.1","5"
"2.2","4"
"2.3","7"
"2.4","2"
"2.5","5"
"2.6","12"
"2.7","13"
"2.7.1","41"
"2.7.2","43"
"2.7.3","18"
"2.7.4","67"
"2.8","30"
"2.9","37"
"2.10","14"
"2.11","12"
"2.12","8"
"2.13","6"
"2.14","10"
"2.15","7"
"2.16","3"
"2.17","3"
"2.18","5"
"2.19","9"
"2.19.1","33"
"2.19.2","14"
"2.19.3","21"
"2.19.4","42"
"2.20","5"
"2.21","9"
"2.22","3"
"2.23","8"
"2.24","4"
"2.25","4"
"2.26","6"
"2.27","8"
"2.28","3"
"2.29","1"
"2.30","5"
"2.31","3"
"2.32","9"
"2.32.1","51"
"2.32.2","47"
"2.32.3","45"
"2.33","6"
"2.34","10"
"2.35","15"
"2.36","6"
"2.37","4"
"2.38","6"
"2.39","8"
"2.40","9"
"2.41","19"
"2.42","5"
"2.43","1"
"2.44","4"
"2.45","9"
"2.46","5"
"2.46.1","63"
"2.46.2","72"
"2.46.3","88"
"2.47","5"
"2.48","3"
"2.49","11"
"2.50","11"
"2.51","8"
"2.52","5"
"2.53","19"
"2.54","2"
"2.55","9"
"2.56","1"
"2.57","3"
"2.58","2"
"2.59","1"
"2.60","7"
"2.60.1","39"
"2.60.2","38"
"2.60.3","111"
"2.61","6"
"2.62","6"
"2.63","5"
"2.64","9"
"2.65","9"
"2.66","7"
"2.67","7"
"2.68","11"
"2.69","9"
"2.70","13"
"2.71","8"
"2.72","4"
"2.73","18"
"2.73.1","34"
"2.73.2","52"
"2.73.3","123"
"2.74","10"
"2.75","5"
"2.76","12"
"2.77","16"
"2.78","11"
"2.79","6"
"2.80","2"
"2.81","3"
"2.82","8"
"2.83","5"
"2.84","12"
"2.85","13"
"2.86","17"
"2.87","11"
"2.88","5"
"2.89","14"
"2.89.1","14"
"2.89.2","84"
"2.89.3","73"
"2.89.4","174"
"2.90","16"
"2.91","13"
"2.92","3"
"2.93","13"
"2.94","4"
"2.95","29"
"2.96","2"
"2.97","11"
"2.98","8"
"2.99","13"
"2.100","5"
"2.101","20"
"2.102","11"
"2.103","8"
"2.104","1"
"2.105","10"
"2.106","3"
"2.107","10"
"2.107.1","77"
"2.107.2","86"
"2.107.3","135"
"2.108","11"
"2.109","20"
"2.110","14"
"2.111","12"
"2.112","16"
"2.113","11"
"2.114","15"
"2.115","5"
"2.116","7"
"2.117","11"
"2.118","15"
"2.119","7"
"2.120","9"
"2.121","14"
"2.121.1","141"
"2.121.2","141"
"2.121.3","138"
"2.122","20"
"2.124","25"
"2.125","11"
"2.126","12"
"2.127","16"
"2.128","15"
"2.129","40"
"2.130","21"
"2.131","30"
"2.132","7"
"2.133","10"
"2.134","26"
"2.135","27"
"2.136","24"
"2.137","15"
"2.138","38"
"2.138.1","142"
"2.138.2","189"
"2.138.3","190"
"2.138.4","205"
"2.140","53"
"2.141","74"
"2.142","12"
"2.143","26"
"2.144","17"
"2.145","15"
"2.146","10"
"2.147","34"
"2.148","24"
"2.149","22"
"2.150","33"
"2.150.1","340"
"2.150.2","278"
"2.150.3","383"
"2.151","47"
"2.152","27"
"2.153","62"
"2.154","31"
"2.155","38"
"2.156","75"
"2.157","30"
"2.158","8"
"2.159","9"
"2.160","28"
"2.161","37"
"2.162","36"
"2.163","34"
"2.164","55"
"2.164.1","374"
"2.164.2","353"
"2.164.3","495"
"2.165","64"
"2.166","32"
"2.167","31"
"2.168","75"
"2.169","27"
"2.170","43"
"2.171","20"
"2.172","24"
"2.173","45"
"2.174","40"
"2.175","37"
"2.176","61"
"2.176.1","559"
"2.176.2","693"
"2.176.3","357"
"2.176.4","99"
"2.177","66"
"2.178","43"
"2.179","90"
"2.180","58"
"2.181","49"
"2.182","42"
"2.183","29"
"2.184","53"
"2.185","13"
"2.186","24"
"2.187","98"
"2.189","46"
"2.190","48"
"2.190.1","572"
"2.190.2","474"
"2.190.3","567"
"2.191","27"
"2.192","17"
"2.193","60"
"2.194","62"
"2.195","43"
"2.196","32"
"2.197","21"
"2.198","43"
"2.199","101"
"2.200","66"
"2.201","45"
"2.202","65"
"2.203","42"
"2.204","61"
"2.204.1","671"
"2.204.2","674"
"2.204.3","64"
"2.204.4","84"
"2.204.5","305"
"2.204.6","78"
"2.205","60"
"2.206","79"
"2.207","62"
"2.208","26"
"2.209","51"
"2.210","65"
"2.211","15"
"2.212","3"
"2.213","64"
"2.214","48"
"2.215","13"
"2.217","21"
"2.218","15"
"2.219","88"
"2.220","94"
"2.221","42"
"2.222","77"
"2.222.1","649"
"2.222.3","701"
"2.222.4","677"
"2.223","84"
"2.224","15"
"2.225","48"
"2.226","80"
"2.227","24"
"2.228","47"
"2.229","73"
"2.230","91"
"2.231","95"
"2.232","25"
"2.233","77"
"2.234","45"
"2.235","69"
"2.235.1","685"
"2.235.2","560"
"2.235.3","274"
"2.235.4","113"
"2.235.5","639"
"2.236","65"
"2.237","47"
"2.238","99"
"2.239","34"
"2.240","78"
"2.241","46"
"2.242","61"
"2.243","56"
"2.244","68"
"2.245","63"
"2.247","3"
"2.248","42"
"2.249","45"
"2.249.1","638"
"2.249.2","716"
"2.249.3","780"
"2.250","82"
"2.251","63"
"2.252","66"
"2.253","87"
"2.254","76"
"2.255","113"
"2.256","84"
"2.257","92"
"2.258","63"
"2.259","43"
"2.260","119"
"2.261","22"
"2.262","64"
"2.263","186"
"2.263.1","1092"
"2.263.2","325"
"2.263.3","482"
"2.263.4","1053"
"2.264","92"
"2.265","56"
"2.266","45"
"2.267","55"
"2.268","59"
"2.269","47"
"2.270","67"
"2.271","67"
"2.272","37"
"2.273","35"
"2.274","65"
"2.275","77"
"2.276","55"
"2.277","65"
"2.277.1","856"
"2.277.2","389"
"2.277.3","313"
"2.277.4","773"
"2.278","62"
"2.279","33"
"2.280","59"
"2.281","58"
"2.282","89"
"2.283","89"
"2.284","76"
"2.285","99"
"2.286","91"
"2.287","54"
"2.288","106"
"2.289","126"
"2.289.1","900"
"2.289.2","886"
"2.289.3","1279"
"2.290","86"
"2.291","95"
"2.292","29"
"2.293","202"
"2.294","5"
"2.295","89"
"2.296","105"
"2.297","90"
"2.298","73"
"2.299","103"
"2.300","83"
"2.301","103"
"2.302","123"
"2.303","96"
"2.303.1","1183"
"2.303.2","876"
"2.303.3","1127"
"2.304","115"
"2.305","99"
"2.306","116"
"2.307","70"
"2.308","108"
"2.309","118"
"2.311","63"
"2.312","58"
"2.313","85"
"2.314","72"
"2.315","64"
"2.316","91"
"2.317","96"
"2.318","117"
"2.319","147"
"2.319.1","1838"
"2.319.2","923"
"2.319.3","1609"
"2.320","76"
"2.321","153"
"2.322","116"
"2.323","99"
"2.324","153"
"2.325","128"
"2.326","110"
"2.327","75"
"2.328","270"
"2.329","43"
"2.330","147"
"2.331","56"
"2.332","129"
"2.332.1","1544"
"2.332.2","1573"
"2.332.3","2754"
"2.332.4","374"
"2.333","144"
"2.334","190"
"2.335","93"
"2.336","158"
"2.337","147"
"2.338","141"
"2.339","158"
"2.340","201"
"2.341","140"
"2.342","151"
"2.343","136"
"2.344","201"
"2.345","120"
"2.346","618"
"2.346.1","3203"
"2.346.2","1877"
"2.346.3","4679"
"2.347","188"
"2.348","223"
"2.349","201"
"2.350","209"
"2.354","142"
"2.355","237"
"2.356","576"
"2.357","96"
"2.358","73"
"2.359","105"
"2.360","80"
"2.361","132"
"2.361.1","1362"
"2.361.2","1129"
"2.361.3","500"
"2.361.4","1203"
"2.362","130"
"2.363","110"
"2.364","99"
"2.365","114"
"2.366","123"
"2.367","73"
"2.368","69"
"2.369","30"
"2.370","119"
"2.371","79"
"2.372","93"
"2.373","144"
"2.374","130"
"2.375","159"
"2.375.1","1733"
"2.375.2","1293"
"2.375.3","1563"
"2.375.4","296"
"2.376","113"
"2.377","118"
"2.378","122"
"2.379","119"
"2.380","80"
"2.381","107"
"2.382","98"
"2.383","104"
"2.384","76"
"2.385","129"
"2.386","102"
"2.387","97"
"2.387.1","3107"
"2.387.2","1652"
"2.387.3","2953"
"2.388","141"
"2.389","135"
"2.390","136"
"2.391","116"
"2.392","137"
"2.393","173"
"2.394","189"
"2.395","232"
"2.396","299"
"2.397","196"
"2.398","9"
"2.399","158"
"2.400","202"
"2.401","198"
"2.401.1","2295"
"2.401.2","1963"
"2.401.3","2895"
"2.402","138"
"2.403","137"
"2.404","161"
"2.405","208"
"2.406","173"
"2.407","158"
"2.409","174"
"2.410","230"
"2.411","170"
"2.412","161"
"2.413","196"
"2.414","263"
"2.414.1","2331"
"2.414.2","2795"
"2.414.3","3579"
"2.415","307"
"2.416","171"
"2.417","244"
"2.418","216"
"2.419","338"
"2.420","212"
"2.421","249"
"2.422","254"
"2.423","264"
"2.424","243"
"2.425","179"
"2.426","347"
"2.426.1","3229"
"2.426.2","4215"
"2.426.3","9790"
"2.427","229"
"2.428","218"
"2.429","236"
"2.430","282"
"2.431","292"
"2.432","245"
"2.433","251"
"2.434","281"
"2.435","219"
"2.436","228"
"2.437","178"
"2.438","203"
"2.439","285"
"2.440","275"
"2.440.1","5207"
"2.440.2","5112"
"2.440.3","6343"
"2.441","339"
"2.442","1154"
"2.443","674"
"2.444","496"
"2.445","418"
"2.446","490"
"2.447","464"
"2.448","472"
"2.449","458"
"2.450","450"
"2.451","406"
"2.452","567"
"2.452.1","6636"
"2.452.2","7938"
"2.452.3","9956"
"2.452.4","746"
"2.453","448"
"2.454","602"
"2.455","485"
"2.456","426"
"2.457","505"
"2.458","605"
"2.459","592"
"2.460","659"
"2.461","643"
"2.462","887"
"2.462.1","25802"
"2.462.2","42543"
"2.463","524"
"2.464","536"
"2.466","547"
"2.467","518"
"2.468","592"
"2.469","642"
"2.470","807"
"2.471","1218"
"2.472","1205"
"2.473","1463"
"2.474","2644"
"2.475","2596"
"2.476","2662"
"2.477","2921"
"2.478","3261"
